-- phpMyAdmin SQL Dump
-- version 5.2.1
-- https://www.phpmyadmin.net/
--
-- Host: localhost
-- Generation Time: Nov 18, 2023 at 12:30 PM
-- Server version: 10.6.12-MariaDB-0ubuntu0.22.04.1
-- PHP Version: 8.1.25

SET SQL_MODE = "NO_AUTO_VALUE_ON_ZERO";
START TRANSACTION;
SET time_zone = "+00:00";


/*!40101 SET @OLD_CHARACTER_SET_CLIENT=@@CHARACTER_SET_CLIENT */;
/*!40101 SET @OLD_CHARACTER_SET_RESULTS=@@CHARACTER_SET_RESULTS */;
/*!40101 SET @OLD_COLLATION_CONNECTION=@@COLLATION_CONNECTION */;
/*!40101 SET NAMES utf8mb4 */;

--
-- Database: `smbd_app`
--

-- --------------------------------------------------------

--
-- Table structure for table `data_ujis`
--

CREATE TABLE `data_ujis` (
  `id` bigint(20) UNSIGNED NOT NULL,
  `id_kontrol` bigint(20) UNSIGNED NOT NULL,
  `nilai_suhu` double(8,2) NOT NULL,
  `konsentrasi_gas` double(8,2) NOT NULL,
  `created_at` timestamp NULL DEFAULT NULL,
  `updated_at` timestamp NULL DEFAULT NULL
) ENGINE=InnoDB DEFAULT CHARSET=utf8mb4 COLLATE=utf8mb4_unicode_ci;

--
-- Dumping data for table `data_ujis`
--

INSERT INTO `data_ujis` (`id`, `id_kontrol`, `nilai_suhu`, `konsentrasi_gas`, `created_at`, `updated_at`) VALUES
(525, 15, 30.20, 0.00, '2023-11-15 19:32:16', '2023-11-15 19:32:16'),
(526, 15, 30.20, 0.00, '2023-11-15 19:37:30', '2023-11-15 19:37:30'),
(527, 15, 0.00, 0.00, '2023-11-15 19:42:45', '2023-11-15 19:42:45'),
(528, 15, 32.10, 0.00, '2023-11-15 19:47:59', '2023-11-15 19:47:59'),
(529, 15, 32.70, 0.00, '2023-11-15 19:53:13', '2023-11-15 19:53:13'),
(530, 15, 0.00, 0.00, '2023-11-15 19:58:27', '2023-11-15 19:58:27'),
(531, 15, 33.20, 0.00, '2023-11-15 20:03:41', '2023-11-15 20:03:41'),
(532, 15, 33.00, 0.00, '2023-11-15 20:08:55', '2023-11-15 20:08:55'),
(533, 15, 0.00, 0.00, '2023-11-15 20:14:09', '2023-11-15 20:14:09'),
(534, 15, 32.80, 0.00, '2023-11-15 20:19:23', '2023-11-15 20:19:23'),
(535, 15, 32.80, 0.00, '2023-11-15 20:24:37', '2023-11-15 20:24:37'),
(536, 15, 32.80, 0.00, '2023-11-15 20:29:51', '2023-11-15 20:29:51'),
(537, 15, 32.80, 0.00, '2023-11-15 20:35:06', '2023-11-15 20:35:06'),
(538, 15, 32.90, 0.00, '2023-11-15 20:40:20', '2023-11-15 20:40:20'),
(539, 15, 32.80, 0.00, '2023-11-15 20:45:34', '2023-11-15 20:45:34'),
(540, 17, 31.90, 8.00, '2023-11-15 21:09:08', '2023-11-15 21:09:08'),
(541, 17, 31.80, 8.00, '2023-11-15 21:09:27', '2023-11-15 21:09:27'),
(542, 18, 32.20, 40.00, '2023-11-15 21:11:09', '2023-11-15 21:11:09'),
(543, 18, 32.10, 0.00, '2023-11-15 21:16:23', '2023-11-15 21:16:23'),
(544, 18, 32.20, 465.00, '2023-11-15 21:21:37', '2023-11-15 21:21:37'),
(545, 18, 32.10, 0.00, '2023-11-15 21:26:51', '2023-11-15 21:26:51'),
(546, 18, 32.10, 0.00, '2023-11-15 21:32:05', '2023-11-15 21:32:05'),
(547, 18, 32.30, 854.00, '2023-11-15 21:37:20', '2023-11-15 21:37:20'),
(548, 18, 32.30, 465.00, '2023-11-15 21:42:35', '2023-11-15 21:42:35'),
(549, 18, 32.50, 0.00, '2023-11-15 21:47:49', '2023-11-15 21:47:49'),
(550, 18, 32.40, 0.00, '2023-11-15 21:53:03', '2023-11-15 21:53:03'),
(551, 18, 32.20, 0.00, '2023-11-15 21:58:17', '2023-11-15 21:58:17'),
(552, 18, 32.30, 0.00, '2023-11-15 22:03:31', '2023-11-15 22:03:31'),
(553, 18, 32.20, 0.00, '2023-11-15 22:08:45', '2023-11-15 22:08:45'),
(554, 18, 32.10, 0.00, '2023-11-15 22:14:04', '2023-11-15 22:14:04'),
(555, 18, 32.40, 6.00, '2023-11-15 22:19:18', '2023-11-15 22:19:18'),
(556, 18, 32.40, 0.00, '2023-11-15 22:24:37', '2023-11-15 22:24:37'),
(557, 18, 32.30, 0.00, '2023-11-15 22:29:51', '2023-11-15 22:29:51'),
(558, 18, 32.00, 0.00, '2023-11-15 22:35:05', '2023-11-15 22:35:05'),
(559, 18, 32.10, 0.00, '2023-11-15 22:40:20', '2023-11-15 22:40:20'),
(560, 18, 32.10, 0.00, '2023-11-15 22:45:34', '2023-11-15 22:45:34'),
(561, 18, 32.00, 854.00, '2023-11-15 22:50:48', '2023-11-15 22:50:48'),
(562, 18, 31.90, 253.00, '2023-11-15 22:56:02', '2023-11-15 22:56:02'),
(563, 18, 32.00, 0.00, '2023-11-15 23:01:16', '2023-11-15 23:01:16'),
(564, 18, 32.00, 0.00, '2023-11-15 23:06:30', '2023-11-15 23:06:30'),
(565, 18, 31.90, 0.00, '2023-11-15 23:11:44', '2023-11-15 23:11:44'),
(566, 18, 31.90, 0.00, '2023-11-15 23:16:58', '2023-11-15 23:16:58'),
(567, 18, 31.80, 0.00, '2023-11-15 23:22:12', '2023-11-15 23:22:12'),
(568, 18, 31.70, 0.00, '2023-11-15 23:27:26', '2023-11-15 23:27:26'),
(569, 18, 31.80, 302.00, '2023-11-15 23:32:40', '2023-11-15 23:32:40'),
(570, 18, 31.90, 0.00, '2023-11-15 23:37:55', '2023-11-15 23:37:55'),
(571, 18, 31.90, 29.00, '2023-11-15 23:43:09', '2023-11-15 23:43:09'),
(572, 18, 32.10, 50.00, '2023-11-15 23:48:23', '2023-11-15 23:48:23'),
(573, 18, 32.00, 130.00, '2023-11-15 23:53:37', '2023-11-15 23:53:37'),
(574, 18, 31.90, 45.00, '2023-11-15 23:58:51', '2023-11-15 23:58:51'),
(575, 18, 31.90, 40.00, '2023-11-16 00:04:05', '2023-11-16 00:04:05'),
(576, 18, 31.90, 48.00, '2023-11-16 00:09:20', '2023-11-16 00:09:20'),
(577, 18, 32.00, 0.00, '2023-11-16 00:14:34', '2023-11-16 00:14:34'),
(578, 18, 32.00, 0.00, '2023-11-16 00:19:48', '2023-11-16 00:19:48'),
(579, 18, 32.00, 0.00, '2023-11-16 00:25:02', '2023-11-16 00:25:02'),
(580, 18, 31.80, 0.00, '2023-11-16 00:30:16', '2023-11-16 00:30:16'),
(581, 18, 31.70, 369.00, '2023-11-16 00:35:30', '2023-11-16 00:35:30'),
(582, 18, 31.50, 1.00, '2023-11-16 00:40:44', '2023-11-16 00:40:44'),
(583, 18, 31.60, 302.00, '2023-11-16 00:45:58', '2023-11-16 00:45:58'),
(584, 18, 31.70, 40.00, '2023-11-16 00:51:13', '2023-11-16 00:51:13'),
(585, 18, 31.80, 30.00, '2023-11-16 00:56:27', '2023-11-16 00:56:27'),
(586, 18, 31.80, 11.00, '2023-11-16 01:01:41', '2023-11-16 01:01:41'),
(587, 18, 31.90, 20.00, '2023-11-16 01:06:55', '2023-11-16 01:06:55'),
(588, 18, 31.80, 24.00, '2023-11-16 01:12:10', '2023-11-16 01:12:10'),
(589, 18, 31.80, 18.00, '2023-11-16 01:17:24', '2023-11-16 01:17:24'),
(590, 18, 31.80, 19.00, '2023-11-16 01:22:38', '2023-11-16 01:22:38'),
(591, 18, 31.60, 15.00, '2023-11-16 01:27:52', '2023-11-16 01:27:52'),
(592, 18, 31.60, 11.00, '2023-11-16 01:33:06', '2023-11-16 01:33:06'),
(593, 20, 31.20, 29.00, '2023-11-16 12:33:59', '2023-11-16 12:33:59'),
(594, 20, 31.30, 28.00, '2023-11-16 12:39:14', '2023-11-16 12:39:14'),
(595, 20, 32.20, 24.00, '2023-11-16 12:44:28', '2023-11-16 12:44:28'),
(596, 20, 32.80, 33.00, '2023-11-16 12:49:48', '2023-11-16 12:49:48'),
(597, 20, 33.00, 35.00, '2023-11-16 12:55:01', '2023-11-16 12:55:01'),
(598, 20, 33.10, 38.00, '2023-11-16 13:00:15', '2023-11-16 13:00:15'),
(599, 20, 33.20, 35.00, '2023-11-16 13:05:30', '2023-11-16 13:05:30'),
(600, 20, 33.30, 37.00, '2023-11-16 13:10:44', '2023-11-16 13:10:44'),
(601, 20, 33.30, 27.00, '2023-11-16 13:15:58', '2023-11-16 13:15:58'),
(602, 20, 33.30, 50.00, '2023-11-16 13:21:13', '2023-11-16 13:21:13'),
(603, 20, 33.30, 57.00, '2023-11-16 13:26:28', '2023-11-16 13:26:28'),
(604, 20, 33.10, 35.00, '2023-11-16 13:31:42', '2023-11-16 13:31:42'),
(605, 20, 32.90, 17.00, '2023-11-16 13:37:00', '2023-11-16 13:37:00'),
(606, 20, 32.80, 21.00, '2023-11-16 13:42:15', '2023-11-16 13:42:15'),
(607, 20, 32.80, 130.00, '2023-11-16 13:47:33', '2023-11-16 13:47:33'),
(608, 20, 32.80, 19.00, '2023-11-16 13:52:47', '2023-11-16 13:52:47'),
(609, 20, 32.60, 15.00, '2023-11-16 13:58:13', '2023-11-16 13:58:13'),
(610, 20, 32.60, 14.00, '2023-11-16 14:03:27', '2023-11-16 14:03:27'),
(611, 20, 32.60, 40.00, '2023-11-16 14:08:41', '2023-11-16 14:08:41'),
(612, 20, 32.50, 11.00, '2023-11-16 14:13:55', '2023-11-16 14:13:55'),
(613, 20, 32.60, 37.00, '2023-11-16 14:19:10', '2023-11-16 14:19:10'),
(614, 20, 32.60, 26.00, '2023-11-16 14:24:24', '2023-11-16 14:24:24'),
(615, 20, 32.50, 9.00, '2023-11-16 14:29:38', '2023-11-16 14:29:38'),
(616, 20, 32.50, 65.00, '2023-11-16 14:34:52', '2023-11-16 14:34:52'),
(617, 20, 32.40, 13.00, '2023-11-16 14:40:06', '2023-11-16 14:40:06'),
(618, 20, 32.60, 57.00, '2023-11-16 14:45:20', '2023-11-16 14:45:20'),
(619, 20, 32.80, 15.00, '2023-11-16 14:50:35', '2023-11-16 14:50:35'),
(620, 20, 32.90, 29.00, '2023-11-16 14:55:49', '2023-11-16 14:55:49'),
(621, 20, 32.90, 15.00, '2023-11-16 15:01:03', '2023-11-16 15:01:03'),
(622, 20, 32.80, 19.00, '2023-11-16 15:06:19', '2023-11-16 15:06:19'),
(623, 20, 32.70, 19.00, '2023-11-16 15:11:33', '2023-11-16 15:11:33'),
(624, 20, 32.50, 11.00, '2023-11-16 15:16:47', '2023-11-16 15:16:47'),
(625, 20, 32.50, 16.00, '2023-11-16 15:22:02', '2023-11-16 15:22:02'),
(626, 20, 32.40, 13.00, '2023-11-16 15:27:16', '2023-11-16 15:27:16'),
(627, 20, 32.30, 16.00, '2023-11-16 15:32:30', '2023-11-16 15:32:30'),
(628, 20, 32.40, 16.00, '2023-11-16 15:37:44', '2023-11-16 15:37:44'),
(629, 20, 0.00, 6.00, '2023-11-16 15:42:58', '2023-11-16 15:42:58'),
(630, 20, 32.30, 11.00, '2023-11-16 15:48:12', '2023-11-16 15:48:12'),
(631, 20, 32.10, 29.00, '2023-11-16 15:53:26', '2023-11-16 15:53:26'),
(632, 20, 32.10, 40.00, '2023-11-16 15:58:43', '2023-11-16 15:58:43'),
(633, 20, 32.10, 19.00, '2023-11-16 16:03:57', '2023-11-16 16:03:57'),
(634, 21, 30.80, 24.00, '2023-11-17 11:34:39', '2023-11-17 11:34:39'),
(635, 21, 30.90, 24.00, '2023-11-17 11:39:53', '2023-11-17 11:39:53'),
(636, 21, 31.50, 10.00, '2023-11-17 11:45:07', '2023-11-17 11:45:07'),
(637, 21, 32.40, 17.00, '2023-11-17 11:50:21', '2023-11-17 11:50:21'),
(638, 21, 0.00, 187.00, '2023-11-17 11:55:35', '2023-11-17 11:55:35'),
(639, 21, 33.10, 37.00, '2023-11-17 12:00:50', '2023-11-17 12:00:50'),
(640, 21, 33.40, 54.00, '2023-11-17 12:06:04', '2023-11-17 12:06:04'),
(641, 21, 33.40, 32.00, '2023-11-17 12:11:18', '2023-11-17 12:11:18'),
(642, 21, 33.50, 37.00, '2023-11-17 12:16:32', '2023-11-17 12:16:32'),
(643, 21, 33.50, 15.00, '2023-11-17 12:21:46', '2023-11-17 12:21:46'),
(644, 21, 33.70, 8.00, '2023-11-17 12:27:01', '2023-11-17 12:27:01'),
(645, 21, 33.70, 29.00, '2023-11-17 12:32:15', '2023-11-17 12:32:15'),
(646, 21, 33.70, 15.00, '2023-11-17 12:37:30', '2023-11-17 12:37:30'),
(647, 21, 33.70, 14.00, '2023-11-17 12:42:44', '2023-11-17 12:42:44'),
(648, 21, 0.00, 40.00, '2023-11-17 12:47:58', '2023-11-17 12:47:58'),
(649, 21, 0.00, 37.00, '2023-11-17 12:53:12', '2023-11-17 12:53:12'),
(650, 21, 0.00, 82.00, '2023-11-17 12:58:26', '2023-11-17 12:58:26'),
(651, 21, 0.00, 54.00, '2023-11-17 13:03:40', '2023-11-17 13:03:40'),
(652, 21, 0.00, 70.00, '2023-11-17 13:08:54', '2023-11-17 13:08:54'),
(653, 21, 0.00, 75.00, '2023-11-17 13:14:08', '2023-11-17 13:14:08'),
(654, 21, 0.00, 40.00, '2023-11-17 13:19:22', '2023-11-17 13:19:22'),
(655, 21, 0.00, 0.00, '2023-11-17 13:24:36', '2023-11-17 13:24:36'),
(656, 21, 0.00, 50.00, '2023-11-17 13:29:50', '2023-11-17 13:29:50'),
(657, 21, 0.00, 253.00, '2023-11-17 13:35:05', '2023-11-17 13:35:05'),
(658, 21, 0.00, 0.00, '2023-11-17 13:40:23', '2023-11-17 13:40:23'),
(659, 21, 0.00, 2.00, '2023-11-17 13:45:38', '2023-11-17 13:45:38'),
(660, 21, 33.40, 10.00, '2023-11-17 13:50:56', '2023-11-17 13:50:56'),
(661, 21, 33.40, 9.00, '2023-11-17 13:56:10', '2023-11-17 13:56:10'),
(662, 21, 33.90, 10.00, '2023-11-17 14:01:29', '2023-11-17 14:01:29'),
(663, 21, 34.10, 11.00, '2023-11-17 14:06:43', '2023-11-17 14:06:43'),
(664, 21, 34.20, 15.00, '2023-11-17 14:11:57', '2023-11-17 14:11:57'),
(665, 21, 34.40, 15.00, '2023-11-17 14:17:11', '2023-11-17 14:17:11'),
(666, 21, 34.30, 18.00, '2023-11-17 14:22:26', '2023-11-17 14:22:26'),
(667, 21, 34.40, 9.00, '2023-11-17 14:27:42', '2023-11-17 14:27:42'),
(668, 21, 34.40, 15.00, '2023-11-17 14:32:57', '2023-11-17 14:32:57'),
(669, 21, 34.40, 12.00, '2023-11-17 14:38:11', '2023-11-17 14:38:11'),
(670, 21, 34.40, 11.00, '2023-11-17 14:43:25', '2023-11-17 14:43:25'),
(671, 21, 34.40, 15.00, '2023-11-17 14:48:42', '2023-11-17 14:48:42'),
(672, 21, 34.40, 15.00, '2023-11-17 14:53:56', '2023-11-17 14:53:56'),
(673, 21, 34.40, 11.00, '2023-11-17 14:59:11', '2023-11-17 14:59:11'),
(674, 21, 34.40, 13.00, '2023-11-17 15:04:28', '2023-11-17 15:04:28'),
(675, 21, 34.40, 10.00, '2023-11-17 15:09:42', '2023-11-17 15:09:42'),
(676, 21, 34.40, 11.00, '2023-11-17 15:14:56', '2023-11-17 15:14:56'),
(677, 21, 34.50, 10.00, '2023-11-17 15:20:10', '2023-11-17 15:20:10'),
(678, 21, 34.60, 9.00, '2023-11-17 15:25:24', '2023-11-17 15:25:24'),
(679, 21, 34.60, 11.00, '2023-11-17 15:30:39', '2023-11-17 15:30:39'),
(680, 21, 34.60, 8.00, '2023-11-17 15:35:53', '2023-11-17 15:35:53'),
(681, 21, 34.70, 8.00, '2023-11-17 15:41:07', '2023-11-17 15:41:07'),
(682, 21, 34.70, 11.00, '2023-11-17 15:46:21', '2023-11-17 15:46:21'),
(683, 21, 34.70, 9.00, '2023-11-17 15:51:35', '2023-11-17 15:51:35'),
(684, 21, 34.70, 8.00, '2023-11-17 15:56:49', '2023-11-17 15:56:49'),
(685, 21, 34.80, 7.00, '2023-11-17 16:02:04', '2023-11-17 16:02:04'),
(686, 21, 34.70, 7.00, '2023-11-17 16:07:18', '2023-11-17 16:07:18'),
(687, 21, 34.60, 7.00, '2023-11-17 16:12:32', '2023-11-17 16:12:32'),
(688, 21, 34.60, 7.00, '2023-11-17 16:17:48', '2023-11-17 16:17:48'),
(689, 21, 34.60, 8.00, '2023-11-17 16:23:03', '2023-11-17 16:23:03'),
(690, 21, 34.60, 9.00, '2023-11-17 16:28:17', '2023-11-17 16:28:17'),
(691, 21, 34.50, 11.00, '2023-11-17 16:33:32', '2023-11-17 16:33:32'),
(692, 21, 34.60, 9.00, '2023-11-17 16:38:46', '2023-11-17 16:38:46'),
(693, 21, 34.40, 8.00, '2023-11-17 16:44:00', '2023-11-17 16:44:00'),
(694, 22, 30.70, 2.00, '2023-11-17 17:56:20', '2023-11-17 17:56:20'),
(695, 22, 30.60, 6.00, '2023-11-17 18:01:34', '2023-11-17 18:01:34'),
(696, 22, 31.50, 8.00, '2023-11-17 18:06:48', '2023-11-17 18:06:48'),
(697, 22, 32.90, 7.00, '2023-11-17 18:12:02', '2023-11-17 18:12:02'),
(698, 22, 33.60, 8.00, '2023-11-17 18:17:19', '2023-11-17 18:17:19'),
(699, 22, 33.90, 7.00, '2023-11-17 18:22:33', '2023-11-17 18:22:33'),
(700, 22, 34.00, 7.00, '2023-11-17 18:27:47', '2023-11-17 18:27:47'),
(701, 22, 34.00, 6.00, '2023-11-17 18:33:01', '2023-11-17 18:33:01'),
(702, 22, 33.90, 7.00, '2023-11-17 18:38:15', '2023-11-17 18:38:15'),
(703, 22, 33.90, 7.00, '2023-11-17 18:43:29', '2023-11-17 18:43:29'),
(704, 22, 34.00, 7.00, '2023-11-17 18:48:43', '2023-11-17 18:48:43'),
(705, 22, 34.00, 8.00, '2023-11-17 18:53:57', '2023-11-17 18:53:57'),
(706, 22, 34.10, 5.00, '2023-11-17 18:59:11', '2023-11-17 18:59:11'),
(707, 22, 34.00, 5.00, '2023-11-17 19:04:25', '2023-11-17 19:04:25');

-- --------------------------------------------------------

--
-- Table structure for table `kontrol_ujis`
--

CREATE TABLE `kontrol_ujis` (
  `id` bigint(20) UNSIGNED NOT NULL,
  `id_cabe` bigint(20) UNSIGNED NOT NULL,
  `date` date DEFAULT NULL,
  `start_time` time DEFAULT NULL,
  `end_time` time DEFAULT NULL,
  `interval` int(11) DEFAULT NULL,
  `status` tinyint(4) DEFAULT NULL,
  `description` varchar(255) DEFAULT NULL,
  `created_at` timestamp NULL DEFAULT NULL,
  `updated_at` timestamp NULL DEFAULT NULL
) ENGINE=InnoDB DEFAULT CHARSET=utf8mb4 COLLATE=utf8mb4_unicode_ci;

--
-- Dumping data for table `kontrol_ujis`
--

INSERT INTO `kontrol_ujis` (`id`, `id_cabe`, `date`, `start_time`, `end_time`, `interval`, `status`, `description`, `created_at`, `updated_at`) VALUES
(15, 1, '2023-11-15', '19:31:58', '20:45:59', 300, 0, NULL, '2023-11-15 19:31:58', '2023-11-15 20:45:59'),
(16, 1, '2023-11-15', '21:05:15', '21:08:11', 5, 0, NULL, '2023-11-15 21:05:15', '2023-11-15 21:08:11'),
(17, 1, '2023-11-15', '21:09:05', '21:09:39', 5, 0, NULL, '2023-11-15 21:09:05', '2023-11-15 21:09:39'),
(18, 1, '2023-11-15', '21:11:06', '01:33:22', 300, 0, NULL, '2023-11-15 21:11:06', '2023-11-16 01:33:22'),
(19, 1, '2023-11-16', '12:27:11', '12:30:58', 300, 0, NULL, '2023-11-16 12:27:11', '2023-11-16 12:30:58'),
(20, 1, '2023-11-16', '12:31:30', '16:11:37', 300, 0, NULL, '2023-11-16 12:31:30', '2023-11-16 16:11:37'),
(21, 1, '2023-11-17', '11:33:49', '16:48:41', 300, 0, NULL, '2023-11-17 11:33:49', '2023-11-17 16:48:41'),
(22, 1, '2023-11-17', '17:56:00', '19:06:02', 300, 0, NULL, '2023-11-17 17:56:00', '2023-11-17 19:06:02');

-- --------------------------------------------------------

--
-- Table structure for table `master_chilis`
--

CREATE TABLE `master_chilis` (
  `id` bigint(20) UNSIGNED NOT NULL,
  `nama` varchar(255) NOT NULL,
  `is_researched` tinyint(1) NOT NULL DEFAULT 0,
  `created_at` timestamp NULL DEFAULT NULL,
  `updated_at` timestamp NULL DEFAULT NULL
) ENGINE=InnoDB DEFAULT CHARSET=utf8mb4 COLLATE=utf8mb4_unicode_ci;

--
-- Dumping data for table `master_chilis`
--

INSERT INTO `master_chilis` (`id`, `nama`, `is_researched`, `created_at`, `updated_at`) VALUES
(1, 'Cabe Rawit', 0, '2023-11-08 22:33:14', '2023-11-17 19:06:02'),
(2, 'Cabe Merah', 0, '2023-11-08 22:42:24', '2023-11-08 22:42:24');

-- --------------------------------------------------------

--
-- Table structure for table `migrations`
--

CREATE TABLE `migrations` (
  `id` int(10) UNSIGNED NOT NULL,
  `migration` varchar(255) NOT NULL,
  `batch` int(11) NOT NULL
) ENGINE=InnoDB DEFAULT CHARSET=utf8mb4 COLLATE=utf8mb4_unicode_ci;

--
-- Dumping data for table `migrations`
--

INSERT INTO `migrations` (`id`, `migration`, `batch`) VALUES
(1, '2014_10_12_000000_create_users_table', 1),
(2, '2019_12_14_000001_create_personal_access_tokens_table', 1),
(3, '2023_10_15_052905_create_master_chilis_table', 1),
(4, '2023_10_31_140656_create_kontrol_ujis_table', 1),
(5, '2023_11_04_122516_create_data_ujis_table', 1);

-- --------------------------------------------------------

--
-- Table structure for table `personal_access_tokens`
--

CREATE TABLE `personal_access_tokens` (
  `id` bigint(20) UNSIGNED NOT NULL,
  `tokenable_type` varchar(255) NOT NULL,
  `tokenable_id` bigint(20) UNSIGNED NOT NULL,
  `name` varchar(255) NOT NULL,
  `token` varchar(64) NOT NULL,
  `abilities` text DEFAULT NULL,
  `last_used_at` timestamp NULL DEFAULT NULL,
  `expires_at` timestamp NULL DEFAULT NULL,
  `created_at` timestamp NULL DEFAULT NULL,
  `updated_at` timestamp NULL DEFAULT NULL
) ENGINE=InnoDB DEFAULT CHARSET=utf8mb4 COLLATE=utf8mb4_unicode_ci;

-- --------------------------------------------------------

--
-- Table structure for table `users`
--

CREATE TABLE `users` (
  `id` bigint(20) UNSIGNED NOT NULL,
  `username` varchar(255) NOT NULL,
  `password` varchar(255) NOT NULL,
  `remember_token` varchar(100) DEFAULT NULL,
  `created_at` timestamp NULL DEFAULT NULL,
  `updated_at` timestamp NULL DEFAULT NULL
) ENGINE=InnoDB DEFAULT CHARSET=utf8mb4 COLLATE=utf8mb4_unicode_ci;

--
-- Dumping data for table `users`
--

INSERT INTO `users` (`id`, `username`, `password`, `remember_token`, `created_at`, `updated_at`) VALUES
(1, 'Admin', '$2y$10$Ev2XJobqDF7Zd2sFyCBfu.B3HEA.9O9XpN8dD02shas9nACoK8f8a', NULL, NULL, NULL);

--
-- Indexes for dumped tables
--

--
-- Indexes for table `data_ujis`
--
ALTER TABLE `data_ujis`
  ADD PRIMARY KEY (`id`),
  ADD KEY `data_ujis_id_kontrol_foreign` (`id_kontrol`);

--
-- Indexes for table `kontrol_ujis`
--
ALTER TABLE `kontrol_ujis`
  ADD PRIMARY KEY (`id`),
  ADD KEY `kontrol_ujis_id_cabe_foreign` (`id_cabe`);

--
-- Indexes for table `master_chilis`
--
ALTER TABLE `master_chilis`
  ADD PRIMARY KEY (`id`);

--
-- Indexes for table `migrations`
--
ALTER TABLE `migrations`
  ADD PRIMARY KEY (`id`);

--
-- Indexes for table `personal_access_tokens`
--
ALTER TABLE `personal_access_tokens`
  ADD PRIMARY KEY (`id`),
  ADD UNIQUE KEY `personal_access_tokens_token_unique` (`token`),
  ADD KEY `personal_access_tokens_tokenable_type_tokenable_id_index` (`tokenable_type`,`tokenable_id`);

--
-- Indexes for table `users`
--
ALTER TABLE `users`
  ADD PRIMARY KEY (`id`),
  ADD UNIQUE KEY `users_username_unique` (`username`);

--
-- AUTO_INCREMENT for dumped tables
--

--
-- AUTO_INCREMENT for table `data_ujis`
--
ALTER TABLE `data_ujis`
  MODIFY `id` bigint(20) UNSIGNED NOT NULL AUTO_INCREMENT, AUTO_INCREMENT=708;

--
-- AUTO_INCREMENT for table `kontrol_ujis`
--
ALTER TABLE `kontrol_ujis`
  MODIFY `id` bigint(20) UNSIGNED NOT NULL AUTO_INCREMENT, AUTO_INCREMENT=23;

--
-- AUTO_INCREMENT for table `master_chilis`
--
ALTER TABLE `master_chilis`
  MODIFY `id` bigint(20) UNSIGNED NOT NULL AUTO_INCREMENT, AUTO_INCREMENT=3;

--
-- AUTO_INCREMENT for table `migrations`
--
ALTER TABLE `migrations`
  MODIFY `id` int(10) UNSIGNED NOT NULL AUTO_INCREMENT, AUTO_INCREMENT=6;

--
-- AUTO_INCREMENT for table `personal_access_tokens`
--
ALTER TABLE `personal_access_tokens`
  MODIFY `id` bigint(20) UNSIGNED NOT NULL AUTO_INCREMENT;

--
-- AUTO_INCREMENT for table `users`
--
ALTER TABLE `users`
  MODIFY `id` bigint(20) UNSIGNED NOT NULL AUTO_INCREMENT, AUTO_INCREMENT=2;

--
-- Constraints for dumped tables
--

--
-- Constraints for table `data_ujis`
--
ALTER TABLE `data_ujis`
  ADD CONSTRAINT `data_ujis_id_kontrol_foreign` FOREIGN KEY (`id_kontrol`) REFERENCES `kontrol_ujis` (`id`);

--
-- Constraints for table `kontrol_ujis`
--
ALTER TABLE `kontrol_ujis`
  ADD CONSTRAINT `kontrol_ujis_id_cabe_foreign` FOREIGN KEY (`id_cabe`) REFERENCES `master_chilis` (`id`);
COMMIT;

/*!40101 SET CHARACTER_SET_CLIENT=@OLD_CHARACTER_SET_CLIENT */;
/*!40101 SET CHARACTER_SET_RESULTS=@OLD_CHARACTER_SET_RESULTS */;
/*!40101 SET COLLATION_CONNECTION=@OLD_COLLATION_CONNECTION */;
